# Bible places as the Russian Synodal Bible names them (Public Domain),
# the word found with the Russian Literal Open Bible's alignment (CC BY-SA 4.0).
# Columns: OpenBible place id, the Bible's name, the modern site's name.
# An empty column means the app keeps the English.
# Places: OpenBible Bible Geocoding Data, CC BY 4.0.
# Modern names: Wikidata labels, CC0.
# Built by tools/build_place_names.py. Do not edit by hand.
a010244	Рама	
a028191	Тавера	
a03a5d0	Молада	
a03be2e	Таппуах	
a03cb21	Бефавен	
a03f6cf	Шион	
a040ba5		Акелдама
a041bb3	Самария	Самария
a046454	Беероф	
a046c70	Гаф-Риммон	
a053f15	Кармил	
a061538	Цер	
a070c7b		Сарабит аль-Хадим
a072bae	Шимрон	
a075d61	Вирсавия	Тель Беэр-Шева
a079b21	Раамсес	Кантир
a07ae2d	Церуа	
a08144e	Кавул	Кабул
a08174b	Цора	
a0905b5	Сокхоф	
a095b6e	Иазер	
a0a178b	Ецель	
a0a2ca7	Асс	Ассос
a0a52ec	Мефег-Гаамма	
a0a6365	Дума	
a0a98de		Сарды
a0aa664	Содом	
a0aa8cf	Вифезда	Вифезда
a0b5c50	Син	
a0bcd48	Ианох	
a0c97c0		Ниппур
a0cd098	Бецер	
a0d1977		Тирца
a0d784a	Дивон	
a0e11c1		Тиль-Барсип
a0e8903	Авран	Авран
a0ed7ff	Секелаг	
a0f440a		Галатия
a0f4ea8	Аравия	Каменистая Аравия
a0f54e4	Син	
a0ff819	Хифлис	
a10147d	Тел-Авив	Ниппур
a104820	Офир	
a105543	Армагеддон	Мегиддо
a112427	Вифлеем	
a116c5c		Иония
a12012d	Гедера	
a1230e5	Ефрон	
a13ffd4	Раввиф	
a14325e	Валоф	
a149f13	Иудеи	
a14b9f1		Бриталь
a15257a	Иерусалим	
a154d7b	Гамона	Аварим
a15973c	Мигдол	
a160272	Тир	
a1611b6	Ворота Навозные	
a16596e	Ефер	
a173c40	Арпад	
a175f4b	Ианум	
a17c178	Фамна	
a17e154	Реховоф	
a18873f	Геф	
a197f19	Асия	Азия
a19ec8c	Галаад	
a19fd03		Ликия
a1a57d0	Кир-Моав	
a1ab517	Хетлон	
a1ad8e1	Нод	
a1b30e1	Едер	Тель-Арад
a1b5486	Рекем	
a1b6474	Асироф	
a1b9ca6	Ароер	
a1c44ea	Салмон	
a1c600b	Аиалон	Йяло
a1c6a50	Салмона	
a1c7cc1		Алашехир
a1cb244		Тель Беэр-Шева
a1d1918	Хелкаф	
a1d9047	Хавила	Аравийский полуостров
a1db553	Вамоф	
a1e3eff	Ашна	
a1eb300	Иармуф	
a1f2174	Афни	
a1fe6e7	Афины	
a20364a	Кишион	
a204528	Раккаф	
a2109c3		Аварим
a217d18	Вавилон	
a21b934	Ирфеил	Рафат
a21f909	Фимнафа	
a22663b	Ваал-Цефон	
a2270e4	Ахзив	
a231f80	Иерихон	
a23a2e6	Фокен	
a2410c1	Елим	
a244d8f	Еглон	
a2466e4	Херес	
a2517a0	Идумея	
a260ff1	Реховоф-ир	
a263e60	Фогарма	Армения
a264254	Гева	
a26921e	Гаенам	
a26aa94		Крит
a26c8f2	Иаир	
a26cd81	Елтекон	
a2715db	Кавцеил	
a27d0e0	Ефам	
a282dce	Самария	Самария
a289254	Ваала	
a28a7df	Гахила	
a28d652	Аравва	
a28da66	Шаараим	
a28f432	Заноах	
a294859	Силоам	Силоамский пруд
a296e06	Масса	
a2a145b	Анер	
a2a303c		Гихон
a2b5ee9		Ниппур
a2bb5ef		Вади-эль-Араба
a2c5cc7		Лод
a2d4170		Тель Беэр-Шева
a2d6bfc	Хамаф	Хамат-Тверия
a2d7b73		Сарды
a2d84de	Кериоф	
a2d9bc8		Мисия
a2da675	Бет-Арбел	
a2e1bc0	Геф	
a2e5054	Кефира	
a2e6de9		Аиалонская долина
a2e7601	Кипр	Кипр
a2e7975	Аиалон	
a2e9e40	Таппуах	
a2ebe1c	Хефер	
a2ebfdf		Эс-Самава
a2ec6b7	Фара	
a2f0f05	Гива	
a2f1fa1	Амад	Кармель
a2fc4c4	Ворота Источника	
a2fe63c	Рамоф Галаадский	
a308715	Вифлеем	
a3088c2	Асор	Думат-эд-Джандай
a30b045	Эл-Вефиль	
a30c937	Азот	
a30e967		Гризим
a30f37b	Беф-Иешимоф	
a311f80	Сен	
a314731	Нимра	
a321cb8	Кедес	
a324c4d	Уц	
a329990		Крит
a32a4f8	Халдеи	
a32d25a		Кунтиллет Аджруд
a339971		Сорек
a33cfcc	Гева	
a33fbde		Каппадокия
a341fe8		Хермон
a355b6e	Ештаол	
a359997		Сарды
a3668b6		Ликаония
a367677	Бет-Гамул	
a36c283		Шореш
a373106		Нахаль-Кане
a3870fe	Пифом	Тель ер-Ретаба
a38776a	Луд	Сарды
a38ad07	Ар	
a39267b	Акравим	
a397042	Луз	
a398e5d	Кос	Кос
a39a6b9	Сохо	
a3b5b53	Вефсамис	Тель Бейт-Шемеш
a3ba698		Суэцкий залив
a3bb26d	Вефсамис	
a3c7b44		Харран
a3cae2c		Зафар
a3cc590	Лахис	
a3cefc6		Галилея
a3d1321	Ассирия	
a3d18b2		Суэцкий залив
a3d1c99	Дивон	
a3e21c6		Кармель
a3e2b20	Амам	
a3e8d63	Хадрах	
a3e94bd	Ливна	
a3f0756	Вавилон	
a3f0f69		Римская Испания
a3f5814	Герар	
a3fc47a	Екрон	
a403c45	Иевус	
a40647c	Пирафонянин	
a411283	Мигдол	
a416b43	Кедемоф	
a4218ee	Родос	Родос
a422a1f	Луз	
a422f1c		Сабейское царство
a42418f	Гефсимания	Гефсимания
a42a5b2	Аргов	
a42c452	Кесалон	
a4335ba	Мигрон	
a43608b	Есек	
a43f60f		Харран
a4446f1	Циц	
a4488e9	Путеол	
a45acc3	Риммон	
a45dd20	Иокфеил	
a47678a	Гедор	
a47f86c	Етам	
a49cd82		Салона
a49e1d0	Филиппы	Филиппы
a4aa78a		Бриталь
a4b8b4d		Хаттуса
a4bdea7	Амфиполь	
a4c2c75		Хиос
a4cc324	Арнон	Эль-Муджиб
a4cea2a	Арад	Тель-Арад
a4cf129	Афек	
a4d0250	Цуф	
a4d3e40	Гацор	
a4e39f6	Галгал	Галилея
a4e5a69		Колоссы
a4f2291	Ианох	
a4f35bc	Вифания	
a4f650b	Кенаф	
a4fa255	Кедес	
a505743	Мерива	
a507da9	Ефрем	
a50eea4		Антониева башня
a513646	Дан	
a5187a4	Кивцаим	
a51df0e		Эйн-Геди
a520374	Беэр	
a527d04		Анджар
a52e310	Гедера	
a539e01	Иармуф	
a53b82d	Офра	
a53f299	Милло	
a549c0f	Авиезер	
a55027d	Милит	Милет
a55136c	Шема	Тель Беэр-Шева
a553110	Кедрон	
a553fe6		Хермон
a55d681	Гадер	
a5627a3	Гоаф	
a562fcc		Тивериадское озеро
a56788c	Ласея	
a56cad5	Иокдам	
a5709da		Тель Беэр-Шева
a573b95	Ацем	
a57bb2e		Наджран
a57df09	Восор	
a581f0c		Ханаан
a58252b	Воцкаф	
a593a48	Хоразин	
a5948b2		Гризим
a597123		Хермон
a597dd0	Цела	
a5983ec		Вади-Кельт
a59f6f5		Аравийский полуостров
a5a6458	Киссон	Кишон
a5a846f	Хумта	
a5bbf9c	Зимврии	
a5bf0bd		Литани
a5c0cb0		Вифиния
a5c92e1	Иокнеам	
a5cda86	Мареша	
a5d1690	Тевец	Тубас
a5d4629	Шаллехет	
a5db1a6	Эрех	Урук
a5dd9e3	Гимзо	
a5eafe1		Этрурия
a5eb047	Емаф	Эль-Лабва
a5f0bc3	Мигдал-Ел	
a5f43dd	Фарсис	Уэльва
a5f4608	Вефхор	
a5f4dfc	Акко	
a5f9092	Мешех	Гордион
a5feb15	Ефес	
a601121	Рамаф-Лехи	
a60f092		Кантир
a62236c	Хаммон	Хамат-Тверия
a62aa3a	Лахмас	
a62dec4	Евфрат	
a62fa2d		Хермон
a62fe31		Верия
a6309c7	Хафараим	
a631d35	Голгофа	Храм Гроба Господня
a6343cc		Села
a6399b3	Галгал	
a63b8c7	Сира	
a63bb26		Реджо-ди-Калабрия
a63c21e		Тиль-Барсип
a63c70b	Гай	
a64f355	Вефиль	
a6536c9	Каттаф	
a654e6d		Керманшах
a655b28	Риммон	Румана
a656cb6	Беэр	
a65c305	Данна	
a65db0f	Мерива	
a662eed	Кедес	
a664d03	Рама	
a666ea0	Тарс	
a6845b1	Маон	
a68d1a9		Думат-эд-Джандай
a694ea2	Мицпа	
a69c1d4	Дамаск	
a69e1b8	Македония	Македония
a6a5e97	Давраф	
a6ac675	Морешеф-Геф	
a6b4fb2	Меша	
a6bf059	Ваал-Перацим	
a6d306d		Селевкия Пиерия
a6d57ed	Рама	
a6d7a41	Аввим	
a6d9af3		Харран
a6dc035	Цереда	
a6df20a	Гило	
a6e060d		Аль-Махтас
a6e2c95	Манахаф	
a6f048c	Гиввефон	
a6f05f6	Фаанах	
a6f33c5	Асор	Тель-Хацор
a6f437a	Коринф	
a6f4a6d		Ашшур
a6fc60d	Афек	
a6fea11	Астароф	
a70c56b	Дор	
a70f9d3		Рас-Баальбек
a70fd5d	Ниневия	
a71d65f	Елиса	Кипр
a71d79b	Гихон	
a728e07	Еврон	
a728f1b	Гедероф	
a72a1ff	Авдон	
a730058		Джеззин
a734b66	Милло	
a737810		Джибути
a7384d7		Таба
a7409b9	Еден	Тиль-Барсип
a74c453	Цаир	Эс-Сафи
a74ee0d	Куш	
a7559e6		Долина Рефаимов
a7560c2	Аврона	
a75aff4		Аль-Кастал
a75be6f	Рама	
a75d2ab	Дума	
a765bd8	Каин	
a7672d8		Тель Беэр-Шева
a7719f8	Мизгав	
a785680	Хадаша	
a78580c	Бет-Маон	
a78592e		Байбурт
a78b87e	Иреон	
a78f72b	Сен	
a79606b	Анания	
a79d6a5	Хали	
a7a59b4		Эль-Ариш
a7a5f29	Гаем	
a7aafda		Спарта
a7b2e63	Афек	
a7be664	Халон	Телль-Тайинат
a7d1972		Яркон
a7d3e84		Хамат-Тверия
a7df136	Херет	
a7e13e1	Гай	
a7e3823	Цевоим	
a7e3a59	Елам	
a7ecf6c	Тофел	
a7ed00e	Хаббон	
a80bf37	Гомер	
a80d317	Фирца	
a813f22	Риммон	Румана
a815d89		ареопаг
a81a10a	Гошен	
a81ab85		Сабейское царство
a8248e0	Циддим	
a82f7b4	Ефер	
a8394b8	Вавилона	
a83a43e		Понт
a83fb1e		Лаодикея
a83fd43		Шарон
a845493	Адифаим	
a846a2a	Шамир	
a849ca2	Бама	
a84a509	Галгал	
a84c5a4		Тиль-Барсип
a84cafa	Аламелех	
a84f426		Город Давида
a85151a	Хеврон	
a8527ba		Керхе
a8554e3		Мегиддо
a858723		Сарды
a859268	Бохим	
a85a60a		Ладжат
a85cbab	Вефсамис	
a86d7c7		Уэльва
a871210	Восор	
a874951		Ашшур
a878481		Инд
a878d66	Ивлеам	
a878fea	Гур	
a87f8f5	Беф-Маркавоф	
a880de2	Пау	
a8819e0	Холон	
a882ef5	Веон	
a884255		Айбаль
a887a2d		Эйн-Геди
a887d36	Шарухен	
a89005a		Тель Беэр-Шева
a890adf	Сирия	
a89511f	Аин	
a898f06		Иксал
a8a6a5b		Асуан
a8ac29f	Вала	
a8adc43	Восора	
a8b7a6b	Аккад	
a8bbf2b		Шарон
a8bc4e3	Мероз	
a8c207b		Родос
a8c3105		Джеззин
a8ccbf2	Иеруил	
a8ce5c4	Ахсаф	
a8d054a	Фарфар	
a8d18cf		Неаполь Скифский
a8da370	Риммон	
a8dafd6	Нагалиил	
a8e4a15	Амма	
a8e53d5	Ецион-Гавер	
a8ec269	Мемфис	
a8ec7ba		Харран
a8f428d	Кириафаим	
a8f60f3	Патмос	Патмос
a8f6a28	Ацмон	
a8fe47a	Шелихим	
a9042c4		Ниппур
a907232	Иагур	
a90f6e1	Рама	
a919ab0	Атароф	
a91b732	Вифсаида	
a91c509		Александрия Троадская
a91d516	Лухит	
a924b16		Тель-Халаф
a92de65	Вефул	
a93f8b6	Мишал	
a942d07	Бероф	Бриталь
a95147f	Рамоф	
a954735		Гильбоа
a961693	Хилмад	
a9664ba		Наджран
a9674fc		Фивы
a971a54		Румана
a978a24	Кавул	Кабул
a979444		Хермон
a97b595	Ливна	
a97cb23	Мефааф	Ум-эр-Расас
a98b02e		Села
a98e4d7	Сидон	
a99875b	Ваалаф	
a9a57b7	Ашна	
a9a6f72		Аль-Кастал
a9b852f	Зиф	
a9ba60c		Хермель
a9bba61	Кириаф-Иарим	
a9cdd53	Хорем	
a9cf1e8		Галилея
a9d4f8e	Хаммон	
a9ed5a4	Бахурим	
a9ef72b	Фегор	
a9fc13a	Вифсаида	
aa0b1d6	Моав	
aa0ef78	Игуд	
aa10f27	Сивма	
aa21f26	Ефам	
aa28709	Сокхоф	
aa3bc1e	Шоа	
aa3d425	Овечьи ворота	
aa3e5ae	Ракон	
aa3ff18	Баред	Халуца
aa454f7	Ситна	
aa4b3e2		Мира
aa516c2		Изреельская долина
aa54aa4		Иорданская долина
aa56bd1		Карфаген
aa572e2	Гоморра	
aa5cc66		Айбаль
aa805fb	Великое море	Средиземное море
aa8275b	Аварим	Аварим
aa85961	Новые ворота	
aa8edd2	Газа	
aa95188		Памфилия
aa9be2b	Гедор	
aa9c505	Емаф	
aa9e265		Хермон
aa9e754	Пефор	Тиль-Барсип
aaa4c6e	Рама	
aaa6f7a	Едреи	Даръа
aaa8b2e	Иокмеам	
aaaaead		Табал
aab30ec	Пафрос	Верхний Египет
aab3ff0	Зиф	
aab4a5f	Сардис	Сарды
aab8f2d	Типсаха	
aab92ca	Цедад	Садад
aab9a5e		Ана
aabd0ba		Монастырь Герасима Иорданского
aabf84a		Курси
aacfcda	Сигор	Эс-Сафи
aad0fa0		Хермон
aadfb8f	Сур	
aae18d7	Гацар-Тихон	
aaee94d	Аддар	
aaf03fa	Иерихон	
aaf5fef	Рехов	
aaf998e	Атароф	
aafc721	Ветен	
aafe3bd	Нецив	
ab049cf	Рамоф	
ab0b2dd	Евфрат	
ab1a343	Вифлеем	
ab1d954	Реховоф	
ab20df9		Аполлония
ab2e402	Иокмеам	
ab34789	Анафоф	
ab428de	Амана	
ab49753	Цафон	
ab5161f	Заред	
ab571de	Неиел	
ab5bd29	Нево	
ab5d319	Сивраим	
ab60a74	Святое место	
ab66f81		Абу-аз-Зухур
ab6a417	Емаф-Сува	
ab6f1f0	Шаалим	
ab71288	Рехов	
ab786f4	Ара	Тель-Халаф
ab793ce	Книд	
ab7c40f		Адулис
ab8473d	Иешуа	
ab86a69	Иудея	
ab8ae56		Фригия
ab92800	Кир	Дер
ab94aea	Галгал	
ab95484	Амалик	
ab9696f	Перс	
ab98f8c	Гиффаим	
abb1e21		Керхе
abc1b7c	Ваалаф	
abc2af0		Акко
abc358b	Арад	Тель-Арад
abc9a1d	Атароф	
abcc0cf	Вефиль	
abd2a8d	Хамаф	Хамат-Тверия
abd637f	Офра	
abd8ada	Ресен	
abd9596		Сион
abde10e	Боцец	
abe40d1	Тахаф	
abed304	Море Солёное	Мёртвое море
abf0690		Лод
abf2443	Типсаха	
abf2fc1	Есевон	
abf4481	Адада	
abf8060	Ифла	Йяло
abf8e4e	Македа	
abfbfb9	Цевоим	
ac07206	Анахараф	
ac10bcf	Галлим	
ac12af9	Ливия	
ac17675	Димона	
ac1fbba		Кунтиллет Аджруд
ac1fef1	Нефтоах	Лифта
ac2192b		Долина Бекаа
ac22b90	Аним	
ac24f5f	Гива	
ac2907d	Цигор	
ac2c4c5		Елеонская гора
ac2cef0	Кадес	
ac2f5ea	Ваала	
ac31fee		Танис
ac3233c	Кана	
ac36af4	Гедерофаим	
ac3ac4e	Леваоф	
ac3bc41	Салха	Сальхад
ac3d92d	Кесуллоф	Иксал
ac405c0		Салона
ac4f712	Афек	
ac51ba3	Нево	
ac53696	Севарим	
ac54760		Ливан
ac5e5c4	Хавила	Аравийский полуостров
ac62cbc	Емаф	
ac6416d	Давир	
ac644e9	Изреель	Ятта
ac6b210		Сабейское царство
ac6cefa		Харран
ac722b9	Хелкаф-Хаццурим	
ac87d4c	Аскалон	
ac8955e		Хермон
ac95bd8		Ирбин
ac99af3	Бет-Дивлафаим	
ac9c090	Сохо	
aca2b0a		Гавдос
aca7bd9	Иавок	Сейль-эз-Зарка
acae7cb	Мааха	
acb3716	Азель	
acc1702		Кумран
acc7184		Ятта
accdd09	Нево	
acd48d6	Фема	Тайма
acd9b19	Авец	
acdbce0	Сур	
acf2fac	Кесил	
acf57c5		Гильбоа
acf6ec0		Самос
acfcf28	Фарала	
acfe0a6		Гюрюн
ad0d82f	Ахзив	
ad13f27	Анем	
ad14500	Ефраим	
ad161d1	Иим	
ad16b1e	Суаль	
ad2048e	Давир	
ad27e17	Сенир	Хермон
ad2d29f	Хешмон	
ad2f6c2	Вирсавия	Тель Беэр-Шева
ad334c4	Давир	
ad3970d	Мерра	
ad3e63c	Гошен	
ad44b24		Долина Бекаа
ad4ad26	Аллемеф	
ad54201	Кириафаим	
ad5c4a1	Хецрон	
ad64d75		Залив Акаба
ad68510	Ештемоа	
ad6cc26		Тель Бейт-Шемеш
ad6eb0b	Иаттир	
ad74690	Кедес	
ad763b1	Лаван	
ad797fe	Фадмор	
ad7e819	Хавила	
ad81b79	Тофет	
ad94cc9	Изреель	Ятта
ada25df	Хорма	
ada2a0b	Рамоф	
ada3369	Алмон	
ada6b64		Джараш
adb5ae4	Кедес	
adbc03e	Арав	
adbc931	Аин	
adc31c7	Адам	
adc3294		Керхе
addc3e7	Харим	
ade301b		Патара
ade6a96	Мигрон	
adea7b0		Эйн-Геди
adf5c7b		аш-Шейх Саад
adf74d4	Сихем	
ae00861	Махпела	
ae05348	Етам	
ae067b5	Равва	
ae0bf4a	Изреель	
ae14b1d	Гева	
ae16cf5	Адораим	
ae180d8	Елон	
ae1c9ea	Наваф	
ae1d208	Елеф	
ae1f807	Калах	Нимруд
ae259d9	Ремеф	
ae28fc7	Дингава	
ae32196		Хермон
ae3cace		Мааян-Харод
ae3d487	Магог	Сарды
ae3f164	Фимна	
ae425aa		Конья
ae44746	Шева	Тель Беэр-Шева
ae46bcd	Афека	
ae46f2e	Ароер	
ae4cd38	Рехов	Долина Бекаа
ae5657c	Асор	
ae5bfe9	Маханаим	
ae5ede9	Вавилон	
ae60c0c	Маараф	
ae686c9		Иордан
ae6bfe2	Оно	
ae71673		Силоамский пруд
ae7274b	Эммаус	
ae733a2		Декаполис
ae73b90	Галаад	
ae7836a	Киброт-Гаттаава	
ae7bd8b	Наема	
ae86cd7		Далмация
ae8badb	Димон	
ae8f9cf	Кина	
ae8fac6	Идеала	
ae981db	Гора Сеир	
ae9b9bc	Гацор	
aeb09c0	Елам	
aeb19d6	Кириаф-Хуцоф	
aeb46a8		Кипр
aeb5f24	Вефиль	
aec139c	Миддин	
aec23b1	Гаввафа	
aec9225		Неаполь Скифский
aed6538	Газер	
aed8df9	Галгал	
aede336	Гаваон	
aee679c	Наин	
aee80af	Халон	Ниппур
aeea26d		Тель Бейт-Шемеш
aeedde4	Сансана	
aef4242	Ахаия	
aefdac1	Рецеф	Ресафа
af04ad9		Эш-Шарма
af054ba	Гедор	
af0719d	Листры	
af084cf		Шефела
af0ac29	Елаф	
af133c0		Адана
af19252	Хавор	Хабур
af20c46	Сион	
af2161c	Капернаум	
af2ca0c	Азек	
af301ca	Египет	
af35635	Моца	
af3ccdf	Авен	
af3ce34	Беф-Фегор	
af3daeb		Армения
af43cde	Никополь	
af4c2cd		Эль-Муджиб
af4f21c	Медева	
af58391		Антониева башня
af5884f	Назарет	
af614df	Фавор	Иксал
af6476f	Шамир	Самария
af64fb3	Ситтим	
af66926	Кириаф Хецрон	
af66b89	Беф-Нимра	
af6c09e	Ефрафа	
af6c325	Гессур	
af6c730	Кархемис	
af725bb		Залив Акаба
af74969	Ароер	
af74b9f	Секаха	
af79c1d		Уэльва
af7eb92		Эс-Сафи
af82614	Одоллам	
af8ce6a		Села
af92088	Иавис Галаадский	
af96edd	Офел	Офель
af9cfc9	Рогель	
afa792e	Умма	
afa84ca	Цартан	
afb265c	Аин	
afbf1b5		Арвад
afca9ce	Халхул	Хальхуль
afcb77d	Дизагав	
afe1143	Адама	
afe28fe	Заноах	
afe6972	Коа	Керманшах
aff43ac	Нахор	Харран
